iteration,curr_best,new_sol_score,curr_temp
0,0,1258453,10000.0
1,1258453,1258453,4902.631842044826
2,1258453,1276889,2928.9808244665555
3,1276889,1276889,2245.234559506819
4,1276889,1276889,1904.8272072875147
5,1276889,1276889,1698.6162779714457
6,1276889,1276889,1558.5119459497985
7,1276889,1295836,1456.0206399872861
8,1295836,1295836,1377.1105949298212
9,1295836,1295836,1314.0468278513538
10,1295836,1295836,1262.1990313208653
11,1295836,1295836,1218.615833759719
12,1295836,1297264,1181.3208674563866
13,1297264,1297264,1148.9369685991132
14,1297264,1297264,1120.4725857248293
15,1297264,1297264,1095.1939877349753
16,1297264,1297497,1072.5454596703623
17,1297497,1297497,1052.0976245106779
18,1297497,1297535,1033.51292005801
19,1297535,1308344,1016.5219048291191
20,1308344,1308344,1000.9066070959426
21,1308344,1309827,986.4885766591387
22,1309827,1309827,973.1201505296569
23,1309827,1309990,960.6779610596741
24,1309990,1309990,949.0580380903052
25,1309990,1312662,938.1720633703723
26,1312662,1312662,927.9444706991867
27,1312662,1312930,918.310175468641
28,1312930,1312930,909.2127785935825
29,1312930,1312930,900.6031321860227
30,1312930,1312930,892.4381840533985
31,1312930,1312930,884.6800392512711
32,1312930,1312930,877.2951921666291
33,1312930,1312930,870.2538937307017
34,1312930,1312930,863.5296265661525
35,1312930,1312930,857.098666991017
36,1312930,1312995,850.9397174068893
37,1312995,1312995,845.0335960972587
38,1312995,1319913,839.3629741423484
39,1319913,1319913,833.9121512271008
40,1319913,1319944,828.6668637301451
41,1319944,1319944,823.6141197444342
42,1319944,1319944,818.7420566767883
43,1319944,1319981,814.0398178649853
44,1319981,1319981,809.4974452833795
45,1319981,1319981,805.1057859161477
46,1319981,1320021,800.8564097878158
47,1320021,1320021,796.7415379741731
48,1320021,1320021,792.7539791888348
49,1320021,1320021,788.887073763907
50,1320021,1320021,785.1346440270657
51,1320021,1320021,781.4909502294763
52,1320021,1320021,777.9506513053348
53,1320021,1320021,774.5087698492121
54,1320021,1320021,771.1606607856085
55,1320021,1320021,767.9019832792587
56,1320021,1320021,764.7286754972383
57,1320021,1320021,761.6369318867963
58,1320021,1321954,758.6231826777255
59,1321954,1321996,755.6840753562817
60,1321996,1321996,752.816457890294
61,1321996,1321996,750.0173635130442
62,1321996,1321996,747.2839968974868
63,1321996,1321996,744.613721573038
64,1321996,1322113,742.0040484549914
65,1322113,1322113,739.4526253720585
66,1322113,1322162,736.9572274909103
67,1322162,1322162,734.515748548247
68,1322162,1322162,732.1261928110611
69,1322162,1322162,729.7866676946247
70,1322162,1326129,727.4953769754854
71,1326129,1326129,725.2506145435589
72,1326129,1326129,723.0507586433839
73,1326129,1326129,720.8942665598686
74,1326129,1326129,718.7796697085033
75,1326129,1326129,716.705569094115
76,1326129,1326129,714.670631105874
77,1326129,1326129,712.6735836194885
78,1326129,1326129,710.7132123803801
79,1326129,1326129,708.788357644185
80,1326129,1326129,706.8979110531917
81,1326129,1326129,705.0408127293585
82,1326129,1326129,703.2160485663574
83,1326129,1326129,701.4226477047191
84,1326129,1326129,699.6596801756067
85,1326129,1326129,697.9262547000459
86,1326129,1326129,696.2215166316189
87,1326129,1326129,694.5446460316837
88,1326129,1328290,692.8948558671295
89,1328290,1328290,691.2713903215425
90,1328290,1328290,689.6735232114287
91,1328290,1328290,688.1005564998453
92,1328290,1328290,686.5518189004283
93,1328290,1328290,685.0266645653782
94,1328290,1328290,683.5244718514905
95,1328290,1328290,682.0446421587975
96,1328290,1328290,680.586598836812
97,1328290,1328290,679.1497861537655
98,1328290,1328290,677.7336683245912
99,1328290,1328290,676.3377285937262
100,1328290,1328290,674.9614683691099
101,1328290,1328715,673.6044064040325
102,1328715,1328715,672.2660780237288
103,1328715,1328715,670.9460343938531
104,1328715,1328715,669.6438418281733
105,1328715,1333191,668.3590811330198
106,1333191,1333191,667.0913469861994
107,1333191,1333191,665.8402473482495
108,1333191,1333208,664.605402904059
109,1333208,1333208,663.3864465330134
110,1333208,1333208,662.1830228059607
111,1333208,1333275,660.9947875073999
112,1333275,1333275,659.8214071814101
113,1333275,1333275,658.6625586999357
114,1333275,1333275,657.5179288521358
115,1333275,1333948,656.3872139535894
116,1333948,1333948,655.2701194742319
117,1333948,1333948,654.1663596839672
118,1333948,1333948,653.0756573149695
119,1333948,1333948,651.9977432397509
120,1333948,1333948,650.932356164133
121,1333948,1333948,649.879242334309
122,1333948,1333948,648.8381552572375
123,1333948,1333948,647.8088554336575
124,1333948,1333948,646.7911101030508
125,1333948,1333948,645.7846929999283
126,1333948,1333948,644.7893841208461
127,1333948,1333985,643.8049695015972
128,1333985,1333985,642.8312410040567
129,1333985,1333985,641.8679961121896
130,1333985,1333985,640.9150377367561
131,1333985,1334300,639.9721740282798
132,1334300,1334782,639.0392181978694
133,1334782,1334782,638.1159883455018
134,1334782,1334782,637.2023072954058
135,1334782,1334782,636.298002438199
136,1334782,1334782,635.4029055794509
137,1334782,1334782,634.5168527943682
138,1334782,1334782,633.6396842883069
139,1334782,1334782,632.7712442628391
140,1334782,1334926,631.9113807871141
141,1334926,1334926,631.0599456742659
142,1334926,1334926,630.2167943626367
143,1334926,1334926,629.3817858015929
144,1334926,1334926,628.5547823417268
145,1334926,1334926,627.7356496292448
146,1334926,1334926,626.9242565043543
147,1334926,1334926,626.1204749034714
148,1334926,1334926,625.3241797650799
149,1334926,1334926,624.535248939081
150,1334926,1336146,623.7535630994829
151,1336146,1336146,622.9790056602831
152,1336146,1336146,622.2114626944069
153,1336146,1336146,621.450822855573
154,1336146,1336146,620.6969773029591
155,1336146,1336146,619.9498196285505
156,1336146,1336146,619.2092457870596
157,1336146,1336146,618.4751540283092
158,1336146,1336233,617.7474448319771
159,1336233,1336233,617.0260208446032
160,1336233,1336233,616.3107868187714
161,1336233,1336233,615.601649554373
162,1336233,1336233,614.8985178418702
163,1336233,1336233,614.2013024074784
164,1336233,1336233,613.5099158601923
165,1336233,1336233,612.824272640581
166,1336233,1336233,612.1442889712836
167,1336233,1336233,611.4698828091385
168,1336233,1336233,610.8009737988829
169,1336233,1336233,610.1374832283609
170,1336233,1336233,609.4793339851846
171,1336233,1336233,608.8264505147896
172,1336233,1336259,608.1787587798352
173,1336259,1336259,607.5361862208957
174,1336259,1336313,606.8986617183954
175,1336313,1336313,606.2661155557424
176,1336313,1336313,605.6384793836147
177,1336313,1336313,605.015686185356
178,1336313,1336313,604.3976702434434
179,1336313,1336313,603.7843671069836
180,1336313,1336313,603.1757135602048
181,1336313,1336324,602.5716475919047
182,1336324,1336324,601.9721083658224
183,1336324,1337379,601.3770361919007
184,1337379,1338782,600.7863724984081
185,1338782,1338782,600.2000598048884
186,1338782,1338782,599.6180416959091
187,1338782,1339058,599.0402627955849
188,1339058,1339058,598.4666687428418
189,1339058,1339058,597.8972061674041
190,1339058,1339985,597.3318226664736
191,1339985,1339985,596.7704667820811
192,1339985,1339985,596.2130879790852
193,1339985,1341283,595.6596366237984
194,1341283,1341283,595.1100639632169
195,1341283,1341283,594.5643221048368
196,1341283,1341283,594.0223639970352
197,1341283,1341283,593.4841434099991
198,1341283,1341283,592.9496149171805
199,1341283,1341283,592.4187338772675
200,1341283,1341283,591.8914564166463
201,1341283,1341283,591.3677394123439
202,1341283,1341283,590.8475404754345
203,1341283,1341283,590.3308179348938
204,1341283,1341283,589.8175308218881
205,1341283,1341283,589.3076388544836
206,1341283,1341283,588.8011024227628
207,1341283,1341283,588.2978825743362
208,1341283,1341283,587.797941000235
209,1341283,1341283,587.3012400211744
210,1341283,1341283,586.8077425741766
211,1341283,1341283,586.3174121995394
212,1341283,1341347,585.8302130281442
213,1341347,1341347,585.3461097690888
214,1341347,1341347,584.8650676976383
215,1341347,1341347,584.3870526434819
216,1341347,1341347,583.9120309792896
217,1341347,1341347,583.4399696095561
218,1341347,1341347,582.9708359597257
219,1341347,1341347,582.5045979655902
220,1341347,1341347,582.0412240629491
221,1341347,1341347,581.5806831775284
222,1341347,1341593,581.122944715146
223,1341593,1345484,580.6679785521193
224,1345484,1345484,580.2157550259088
225,1345484,1345484,579.7662449259876
226,1345484,1345484,579.3194194849327
227,1345484,1345484,578.8752503697315
228,1345484,1345484,578.433709673297
229,1345484,1345484,577.9947699061859
230,1345484,1345484,577.5584039885132
231,1345484,1345484,577.1245852420593
232,1345484,1345484,576.6932873825627
233,1345484,1345484,576.264484512194
234,1345484,1345484,575.8381511122058
235,1345484,1345484,575.4142620357541
236,1345484,1345484,574.9927925008849
237,1345484,1345484,574.5737180836852
238,1345484,1345484,574.1570147115883
239,1345484,1345484,573.742658656835
240,1345484,1345484,573.330626530082
241,1345484,1345484,572.9208952741569
242,1345484,1345808,572.5134421579525
243,1345808,1345808,572.1082447704601
244,1345808,1345808,571.7052810149366
245,1345808,1346243,571.3045291032
246,1346243,1346243,570.905967550053
247,1346243,1346243,570.5095751678305
248,1346243,1346243,570.115331061066
249,1346243,1346243,569.7232146212759
250,1346243,1346243,569.3332055218581
251,1346243,1348771,568.9452837131
252,1348771,1348771,568.5594294172972
253,1348771,1348771,568.1756231239757
254,1348771,1348870,567.7938455852179
255,1348870,1348870,567.4140778110885
256,1348870,1349093,567.0363010651572
257,1349093,1349093,566.6604968601181
258,1349093,1349093,566.2866469535008
259,1349093,1349093,565.9147333434724
260,1349093,1349093,565.544738264727
261,1349093,1349093,565.1766441844618
262,1349093,1349093,564.8104337984374
263,1349093,1349093,564.4460900271192
264,1349093,1349861,564.0835960118986
265,1349861,1349861,563.7229351113932
266,1349861,1349861,563.3640908978205
267,1349861,1349861,563.0070471534492
268,1349861,1349861,562.6517878671191
269,1349861,1349861,562.2982972308347
270,1349861,1349982,561.9465596364257
271,1349982,1349982,561.5965596722756
272,1349982,1349982,561.2482821201157
273,1349982,1349982,560.901711951883
274,1349982,1349982,560.5568343266416
275,1349982,1349982,560.2136345875635
276,1349982,1349982,559.8720982589706
277,1349982,1350246,559.5322110434347
278,1350246,1350246,559.1939588189332
279,1350246,1350592,558.8573276360623
280,1350592,1350592,558.5223037153031
281,1350592,1350875,558.1888734443407
282,1350875,1350875,557.8570233754364
283,1350875,1350875,557.5267402228494
284,1350875,1350875,557.1980108603082
285,1350875,1350875,556.8708223185309
286,1350875,1350875,556.545161782792
287,1350875,1350875,556.2210165905359
288,1350875,1351045,555.8983742290362
289,1351045,1351045,555.5772223330972
290,1351045,1351045,555.2575486828008
291,1351045,1351045,554.9393412012944
292,1351045,1351045,554.62258795262
293,1351045,1351045,554.3072771395849
294,1351045,1351045,553.9933971016701
295,1351045,1351045,553.6809363129781
296,1351045,1351045,553.36988338022
297,1351045,1351045,553.0602270407364
298,1351045,1351045,552.7519561605571
299,1351045,1351045,552.4450597324955
300,1351045,1351045,552.1395268742767
301,1351045,1351045,551.8353468267007
302,1351045,1351045,551.5325089518377
303,1351045,1351045,551.2310027312568
304,1351045,1351045,550.9308177642855
305,1351045,1351045,550.631943766301
306,1351045,1351045,550.3343705670518
307,1351045,1351045,550.0380881090082
308,1351045,1351045,549.7430864457436
309,1351045,1351045,549.4493557403428
310,1351045,1351045,549.1568862638389
311,1351045,1351045,548.8656683936779
312,1351045,1351045,548.5756926122087
313,1351045,1351045,548.2869495052018
314,1351045,1351045,547.9994297603913
315,1351045,1351045,547.7131241660429
316,1351045,1351045,547.4280236095475
317,1351045,1351080,547.1441190760372
318,1351080,1351080,546.8614016470268
319,1351080,1351080,546.579862499077
320,1351080,1351080,546.2994929024809
321,1351080,1351080,546.0202842199736
322,1351080,1351774,545.7422279054617
323,1351774,1351774,545.4653155027763
324,1351774,1351774,545.1895386444451
325,1351774,1352336,544.9148890504862
326,1352336,1352373,544.6413585272222
327,1352373,1352373,544.3689389661131
328,1352373,1352373,544.0976223426089
329,1352373,1352373,543.8274007150212
330,1352373,1352459,543.5582662234142
331,1352459,1352459,543.2902110885124
332,1352459,1352459,543.0232276106271
333,1352459,1352459,542.7573081686011
334,1352459,1352459,542.4924452187685
335,1352459,1352459,542.2286312939336
336,1352459,1352459,541.9658590023656
337,1352459,1352747,541.7041210268081
338,1352747,1352747,541.4434101235071
339,1352747,1352747,541.1837191212522
340,1352747,1352747,540.9250409204354
341,1352747,1352800,540.667368492122
342,1352800,1352800,540.4106948771396
343,1352800,1352800,540.1550131851783
344,1352800,1352800,539.9003165939083
345,1352800,1352800,539.6465983481085
346,1352800,1352800,539.3938517588107
347,1352800,1352800,539.1420702024564
348,1352800,1352800,538.891247120067
349,1352800,1352800,538.6413760164269
350,1352800,1352800,538.392450459279
351,1352800,1352800,538.1444640785332
352,1352800,1352800,537.8974105654868
353,1352800,1352800,537.6512836720565
354,1352800,1352800,537.406077210023
355,1352800,1352800,537.1617850502869
356,1352800,1352800,536.9184011221354
357,1352800,1352800,536.6759194125202
358,1352800,1352800,536.4343339653483
359,1352800,1352800,536.1936388807799
360,1352800,1352800,535.9538283145405
361,1352800,1352800,535.7148964772407
362,1352800,1352800,535.4768376337086
363,1352800,1352800,535.2396461023292
364,1352800,1352800,535.0033162543969
365,1352800,1352800,534.7678425134749
366,1352800,1352800,534.533219354766
367,1352800,1352800,534.2994413044918
368,1352800,1352800,534.0665029392808
369,1352800,1352800,533.8343988855667
370,1352800,1353015,533.6031238189938
371,1353015,1353015,533.3726724638336
372,1353015,1354149,533.1430395924065
373,1354149,1354149,532.9142200245147
374,1354149,1354149,532.6862086268831
375,1354149,1354149,532.4590003126062
376,1354149,1355067,532.2325900406055
377,1355067,1355067,532.0069728150931
378,1355067,1355067,531.7821436850437
379,1355067,1355067,531.5580977436739
380,1355067,1355989,531.334830127929
381,1355989,1355989,531.1123360179768
382,1355989,1355989,530.8906106367097
383,1355989,1355989,530.6696492492521
384,1355989,1355989,530.4494471624766
385,1355989,1355989,530.2299997245254
386,1355989,1355989,530.0113023243396
387,1355989,1355989,529.7933503911943
388,1355989,1355989,529.5761393942411
389,1355989,1355989,529.3596648420557
390,1355989,1355989,529.1439222821933
391,1355989,1355989,528.928907300749
392,1355989,1355989,528.7146155219239
393,1355989,1355989,528.5010426075999
394,1355989,1355989,528.2881842569166
395,1355989,1356523,528.0760362058564
396,1356523,1356523,527.8645942268353
397,1356523,1356523,527.6538541282974
398,1356523,1356523,527.4438117543177
399,1356523,1356523,527.2344629842078
400,1356523,1356523,527.025803732128
401,1356523,1357855,526.8178299467053
402,1357855,1357855,526.6105376106552
403,1357855,1357855,526.4039227404095
404,1357855,1358458,526.1979813857487
405,1358458,1358458,525.9927096294396
406,1358458,1358458,525.7881035868776
407,1358458,1358458,525.5841594057335
408,1358458,1358458,525.3808732656058
409,1358458,1358458,525.178241377676
410,1358458,1358458,524.9762599843714
411,1358458,1358458,524.7749253590279
412,1358458,1358458,524.574233805562
413,1358458,1358458,524.3741816581439
414,1358458,1358458,524.1747652808759
415,1358458,1358458,523.9759810674755
416,1358458,1358458,523.7778254409611
417,1358458,1358458,523.5802948533441
418,1358458,1358458,523.3833857853224
419,1358458,1358458,523.18709474598
420,1358458,1358458,522.9914182724892
421,1358458,1358458,522.7963529298174
422,1358458,1358782,522.6018953104373
423,1358782,1358782,522.4080420340398
424,1358782,1358782,522.2147897472532
425,1358782,1358782,522.0221351233633
426,1358782,1358881,521.8300748620387
427,1358881,1358881,521.6386056890583
428,1358881,1358881,521.4477243560434
429,1358881,1358881,521.2574276401932
430,1358881,1358881,521.0677123440223
431,1358881,1358881,520.8785752951029
432,1358881,1359104,520.6900133458097
433,1359104,1359104,520.5020233730677
434,1359104,1359104,520.3146022781038
435,1359104,1359104,520.1277469862007
436,1359104,1359104,519.941454446455
437,1359104,1359104,519.7557216315366
438,1359104,1359104,519.5705455374531
439,1359104,1359274,519.3859231833151
440,1359274,1359274,519.2018516111061
441,1359274,1359274,519.0183278854544
442,1359274,1359274,518.8353490934068
443,1359274,1359274,518.6529123442082
444,1359274,1359274,518.4710147690798
445,1359274,1359274,518.289653521003
446,1359274,1359274,518.1088257745051
447,1359274,1359274,517.9285287254468
448,1359274,1359274,517.7487595908134
449,1359274,1359274,517.5695156085078
450,1359274,1359274,517.3907940371464
451,1359274,1359274,517.212592155857
452,1359274,1359274,517.0349072640796
453,1359274,1359274,516.8577366813693
454,1359274,1359274,516.6810777472016
455,1359274,1359274,516.5049278207799
456,1359274,1359274,516.3292842808459
457,1359274,1359274,516.1541445254909
458,1359274,1359274,515.9795059719709
459,1359274,1359274,515.8053660565231
460,1359274,1359274,515.6317222341842
461,1359274,1359274,515.4585719786115
462,1359274,1359274,515.2859127819063
463,1359274,1359274,515.1137421544379
464,1359274,1359274,514.9420576246716
465,1359274,1359600,514.7708567389974
466,1359600,1359600,514.6001370615608
467,1359600,1359600,514.4298961740964
468,1359600,1359600,514.2601316757622
469,1359600,1359600,514.0908411829771
470,1359600,1359600,513.9220223292588
471,1359600,1359600,513.7536727650654
472,1359600,1359600,513.5857901576369
473,1359600,1359600,513.4183721908398
474,1359600,1359600,513.251416565013
475,1359600,1359600,513.0849209968158
476,1359600,1359600,512.9188832190766
477,1359600,1359600,512.7533009806453
478,1359600,1359600,512.5881720462451
479,1359600,1359721,512.4234941963269
480,1359721,1359721,512.2592652269269
481,1359721,1359721,512.0954829495223
482,1359721,1359721,511.9321451908927
483,1359721,1359721,511.7692497929794
484,1359721,1359721,511.60679461274873
485,1359721,1359721,511.4447775220563
486,1359721,1359938,511.2831964075117
487,1359938,1360037,511.1220491703462
488,1360037,1360037,510.96133372628077
489,1360037,1360037,510.8010480053968
490,1360037,1360037,510.6411899520064
491,1360037,1360037,510.4817575245263
492,1360037,1360037,510.3227486953513
493,1360037,1360037,510.16416145073015
494,1360037,1360037,510.0059937906423
495,1360037,1360037,509.84824372867666
496,1360037,1360037,509.6909092919106
497,1360037,1360689,509.5339885207911
498,1360689,1360689,509.3774794690175
499,1360689,1360689,509.2213802034239
500,1360689,1360689,509.065688803865
501,1360689,1360689,508.91040336310107
502,1360689,1360689,508.7555219866865
503,1360689,1360689,508.60104279285673
504,1360689,1360689,508.4469639124188
505,1360689,1360689,508.2932834886422
506,1360689,1360689,508.1399996771502
507,1360689,1360689,507.98711064581346
508,1360689,1360689,507.83461457464443
509,1360689,1360817,507.6825096556924
510,1360817,1360817,507.5307940929398
511,1360817,1360817,507.37946610220035
512,1360817,1360817,507.2285239110175
513,1360817,1360817,507.0779657585639
514,1360817,1360817,506.92778989554245
515,1360817,1360817,506.7779945840881
516,1360817,1360817,506.62857809767087
517,1360817,1360817,506.47953872099913
518,1360817,1360817,506.33087474992504
519,1360817,1360817,506.1825844913506
520,1360817,1360817,506.0346662631334
521,1360817,1360817,505.8871183939959
522,1360817,1360817,505.7399392234329
523,1360817,1360817,505.593127101622
524,1360817,1360817,505.44668038933406
525,1360817,1360817,505.30059745784456
526,1360817,1361921,505.1548766888464
527,1361921,1361921,505.0095164743628
528,1361921,1361921,504.864515216662
529,1361921,1361921,504.71987132817225
530,1361921,1361921,504.5755832313973
531,1361921,1361921,504.43164935883414
532,1361921,1361921,504.2880681528899
533,1361921,1361921,504.14483806580074
534,1361921,1361921,504.00195755955116
535,1361921,1361921,503.85942510579395
536,1361921,1362335,503.7172391857715
537,1362335,1362335,503.57539829023716
538,1362335,1362335,503.4339009193779
539,1362335,1362335,503.29274558273784
540,1362335,1362463,503.15193079914224
541,1362463,1362463,503.01145509662183
542,1362463,1362463,502.8713170123393
543,1362463,1362463,502.73151509251494
544,1362463,1362463,502.5920478923538
545,1362463,1362463,502.45291397597373
546,1362463,1362463,502.31411191633373
547,1362463,1362463,502.17564029516285
548,1362463,1362463,502.03749770289045
549,1362463,1362463,501.899682738577
550,1362463,1362463,501.76219400984456
551,1362463,1362463,501.62503013280946
552,1362463,1362463,501.4881897320145
553,1362463,1362463,501.3516714403626
554,1362463,1362463,501.21547389905
555,1362463,1362463,501.0795957575015
556,1362463,1362463,500.94403567330534
557,1362463,1362463,500.80879231214925
558,1362463,1362463,500.6738643477565
559,1362463,1362463,500.53925046182314
560,1362463,1362463,500.4049493439559
561,1362463,1362463,500.27095969160996
562,1362463,1362463,500.13728021002805
563,1362463,1362463,500.0039096121803
564,1362463,1362463,499.87084661870307
565,1362463,1362463,499.7380899578412
566,1362463,1362463,499.6056383653878
567,1362463,1362463,499.4734905846262
568,1362463,1362463,499.34164536627287
569,1362463,1362463,499.21010146841957
570,1362463,1362463,499.07885765647706
571,1362463,1362463,498.9479127031187
572,1362463,1362463,498.8172653882252
573,1362463,1362463,498.6869144988293
574,1362463,1362463,498.5568588290615
575,1362463,1362463,498.42709718009553
576,1362463,1362463,498.29762836009536
577,1362463,1362463,498.16845118416194
578,1362463,1362463,498.0395644742805
579,1362463,1362463,497.9109670592691
580,1362463,1362612,497.7826577747264
581,1362612,1362612,497.65463546298065
582,1362612,1362612,497.5268989730398
583,1362612,1362612,497.3994471605405
584,1362612,1362612,497.27227888769886
585,1362612,1362612,497.1453930232611
586,1362612,1362612,497.01878844245493
587,1362612,1366392,496.8924640269411
588,1366392,1366392,496.76641866476564
589,1366392,1366392,496.64065125031203
590,1366392,1366572,496.51516068425514
591,1366572,1366572,496.3899458735134
592,1366572,1366572,496.26500573120376
593,1366572,1366572,496.1403391765952
594,1366572,1366572,496.0159451350638
595,1366572,1366572,495.89182253804785
596,1366572,1366572,495.76797032300317
597,1366572,1366572,495.6443874333591
598,1366572,1366572,495.5210728184746
599,1366572,1366572,495.3980254335956
600,1366572,1366572,495.2752442398111
601,1366572,1366572,495.15272820401174
602,1366572,1366572,495.0304762988465
603,1366572,1366572,494.90848750268185
604,1366572,1366572,494.78676079955983
605,1366572,1366572,494.66529517915745
606,1366572,1366572,494.5440896367454
607,1366572,1366572,494.4231431731484
608,1366572,1366572,494.3024547947047
609,1366572,1366572,494.18202351322714
610,1366572,1366572,494.06184834596297
611,1366572,1366572,493.941928315556
612,1366572,1366572,493.8222624500072
613,1366572,1366572,493.7028497826369
614,1366572,1366578,493.5836893520469
615,1366578,1366578,493.46478020208275
616,1366578,1366578,493.3461213817965
617,1366578,1366578,493.22771194541036
618,1366578,1366578,493.10955095227905
619,1366578,1366578,492.9916374668548
620,1366578,1366578,492.87397055865034
621,1366578,1367110,492.75654930220384
622,1367110,1367110,492.63937277704355
623,1367110,1367110,492.5224400676526
624,1367110,1367110,492.40575026343447
625,1367110,1367110,492.2893024586785
626,1367110,1367110,492.1730957525255
627,1367110,1367110,492.0571292489346
628,1367110,1367110,491.94140205664894
629,1367110,1367110,491.8259132891629
630,1367110,1367110,491.7106620646891
631,1367110,1367110,491.5956475061255
632,1367110,1367110,491.4808687410232
633,1367110,1367110,491.3663249015543
634,1367110,1367110,491.2520151244798
635,1367110,1367110,491.13793855111845
636,1367110,1367110,491.0240943273149
637,1367110,1367110,490.91048160340904
638,1367110,1367110,490.7970995342054
639,1367110,1367110,490.6839472789418
640,1367110,1367110,490.5710240012598
641,1367110,1367110,490.4583288691746
642,1367110,1367110,490.345861055045
643,1367110,1367110,490.23361973554415
644,1367110,1367110,490.12160409163005
645,1367110,1367110,490.00981330851664
646,1367110,1367165,489.8982465756448
647,1367165,1367165,489.7869030866545
648,1367165,1367165,489.6757820393554
649,1367165,1367165,489.5648826356999
650,1367165,1367165,489.4542040817543
651,1367165,1367165,489.3437455876721
652,1367165,1367165,489.23350636766577
653,1367165,1367165,489.1234856399802
654,1367165,1367165,489.0136826268655
655,1367165,1367165,488.90409655455045
656,1367165,1367165,488.79472665321566
657,1367165,1367165,488.68557215696785
658,1367165,1370158,488.57663230381314
659,1370158,1370158,488.4679063356319
660,1370158,1370158,488.3593934981523
661,1370158,1370158,488.25109304092587
662,1370158,1370158,488.1430042173011
663,1370158,1370158,488.0351262843996
664,1370158,1370158,487.9274585030906
665,1370158,1370158,487.82000013796613
666,1370158,1370158,487.7127504573176
667,1370158,1370158,487.60570873311025
668,1370158,1370158,487.4988742409602
669,1370158,1370158,487.39224626011037
670,1370158,1370158,487.2858240734062
671,1370158,1370158,487.17960696727323
672,1370158,1370158,487.0735942316929
673,1370158,1370158,486.9677851601802
674,1370158,1370158,486.86217904976036
675,1370158,1370158,486.7567752009461
676,1370158,1370158,486.65157291771544
677,1370158,1370158,486.5465715074891
678,1370158,1370158,486.4417702811084
679,1370158,1370158,486.33716855281335
680,1370158,1370158,486.2327656402205
681,1370158,1370158,486.1285608643018
682,1370158,1370158,486.02455354936257
683,1370158,1370158,485.9207430230208
684,1370158,1370158,485.81712861618536
685,1370158,1370158,485.7137096630356
686,1370158,1370158,485.61048550100014
687,1370158,1370158,485.5074554707364
688,1370158,1370158,485.4046189161101
689,1370158,1370158,485.3019751841748
690,1370158,1370994,485.1995236251521
691,1370994,1370994,485.0972635924111
692,1370994,1370994,484.995194442449
693,1370994,1370994,484.8933155348712
694,1370994,1370994,484.7916262323717
695,1370994,1370994,484.6901259007137
696,1370994,1370994,484.5888139087108
697,1370994,1370994,484.48768962820697
698,1370994,1370994,484.3867524340586
699,1370994,1371100,484.28600170411517
700,1371100,1371100,484.1854368192005
701,1371100,1371100,484.0850571630945
702,1371100,1371100,483.98486212251487
703,1371100,1371100,483.88485108709824
704,1371100,1371100,483.7850234493831
705,1371100,1371100,483.68537860479086
706,1371100,1371100,483.5859159516085
707,1371100,1371100,483.4866348909712
708,1371100,1371100,483.38753482684365
709,1371100,1371100,483.28861516600404
710,1371100,1371100,483.189875318026
711,1371100,1371100,483.0913146952613
712,1371100,1371100,482.99293271282346
713,1371100,1371100,482.89472878857026
714,1371100,1371100,482.7967023430872
715,1371100,1371100,482.6988527996709
716,1371100,1371100,482.6011795843126
717,1371100,1371100,482.50368212568156
718,1371100,1371100,482.406359855109
719,1371100,1371100,482.30921220657194
720,1371100,1371100,482.21223861667687
721,1371100,1371100,482.1154385246445
722,1371100,1371100,482.018811372293
723,1371100,1371100,481.9223566040234
724,1371100,1371100,481.82607366680304
725,1371100,1371100,481.7299620101509
726,1371100,1371100,481.6340210861218
727,1371100,1371100,481.5382503492915
728,1371100,1371100,481.4426492567412
729,1371100,1371100,481.3472172680429
730,1371100,1371100,481.25195384524466
731,1371100,1371100,481.1568584528551
732,1371100,1371100,481.06193055782956
733,1371100,1371100,480.9671696295551
734,1371100,1371100,480.87257513983593
735,1371100,1371100,480.7781465628799
736,1371100,1371100,480.68388337528285
737,1371100,1371100,480.5897850560159
738,1371100,1371257,480.4958510864104
739,1371257,1371479,480.4020809501447
740,1371479,1371479,480.30847413322977
741,1371479,1371479,480.2150301239958
742,1371479,1371479,480.1217484130785
743,1371479,1371479,480.02862849340534
744,1371479,1371479,479.9356698601829
745,1371479,1371479,479.8428720108822
746,1371479,1371479,479.75023444522697
747,1371479,1371479,479.6577566651792
748,1371479,1371479,479.56543817492684
749,1371479,1371479,479.4732784808709
750,1371479,1371567,479.3812770916119
751,1371567,1371567,479.2894335179378
752,1371567,1371567,479.1977472728112
753,1371567,1371567,479.1062178713563
754,1371567,1371662,479.01484483084687
755,1371662,1371662,478.92362767069363
756,1371662,1371662,478.83256591243213
757,1371662,1371662,478.7416590797102
758,1371662,1371662,478.65090669827606
759,1371662,1371662,478.56030829596597
760,1371662,1371662,478.46986340269285
761,1371662,1371758,478.3795715504335
762,1371758,1371758,478.2894322732177
763,1371758,1371758,478.19944510711576
764,1371758,1371758,478.10960959022725
765,1371758,1371758,478.01992526266963
766,1371758,1371862,477.93039166656604
767,1371862,1371862,477.84100834603464
768,1371862,1371862,477.75177484717705
769,1371862,1371862,477.6626907180671
770,1371862,1371862,477.57375550873934
771,1371862,1371862,477.48496877117867
772,1371862,1371862,477.39633005930847
773,1371862,1371862,477.3078389289807
774,1371862,1371862,477.21949493796393
775,1371862,1373211,477.13129764593333
776,1373211,1373353,477.04324661445963
777,1373353,1373353,476.9553414069988
778,1373353,1373353,476.86758158888097
779,1373353,1373353,476.7799667273005
780,1373353,1373353,476.6924963913053
781,1373353,1373353,476.60517015178647
782,1373353,1373353,476.51798758146793
783,1373353,1373353,476.4309482548965
784,1373353,1373353,476.3440517484317
785,1373353,1373353,476.25729764023544
786,1373353,1373353,476.1706855102624
787,1373353,1373353,476.0842149402496
788,1373353,1373353,475.99788551370733
789,1373353,1373353,475.91169681590844
790,1373353,1373353,475.8256484338794
791,1373353,1373353,475.73973995639005
792,1373353,1373404,475.6539709739445
793,1373404,1373404,475.5683410787711
794,1373404,1373404,475.4828498648135
795,1373404,1373404,475.397496927721
796,1373404,1373494,475.31228186483906
797,1373494,1373530,475.2272042752002
798,1373530,1373530,475.142263759515
799,1373530,1373530,475.0574599201624
800,1373530,1373530,474.9727923611813
801,1373530,1373530,474.8882606882608
802,1373530,1373530,474.803864508732
803,1373530,1373530,474.7196034315584
804,1373530,1373530,474.6354770673276
805,1373530,1373530,474.5514850282422
806,1373530,1373530,474.4676269281111
807,1373530,1374556,474.3839023823409
808,1374556,1374556,474.3003110079274
809,1374556,1374556,474.2168524234468
810,1374556,1374556,474.1335262490473
811,1374556,1374556,474.05033210644075
812,1374556,1374556,473.9672696188941
813,1374556,1374645,473.88433841122134
814,1374645,1374645,473.8015381097749
815,1374645,1374645,473.7188683424377
816,1374645,1374645,473.6363287386146
817,1374645,1374645,473.553918929225
818,1374645,1374645,473.4716385466938
819,1374645,1374645,473.3894872249442
820,1374645,1374645,473.3074645993897
821,1374645,1374645,473.2255703069254
822,1374645,1374645,473.14380398592124
823,1374645,1374645,473.0621652762133
824,1374645,1374645,472.9806538190967
825,1374645,1374645,472.8992692573175
826,1374645,1374645,472.81801123506506
827,1374645,1374645,472.7368793979647
828,1374645,1374645,472.65587339307007
829,1374645,1375463,472.57499286885553
830,1375463,1375463,472.49423747520865
831,1375463,1375463,472.41360686342284
832,1375463,1375577,472.3331006861905
833,1375577,1375577,472.25271859759465
834,1375577,1375577,472.172460253103
835,1375577,1375577,472.0923253095593
836,1375577,1375577,472.0123134251775
837,1375577,1375577,471.9324242595337
838,1375577,1375577,471.8526574735594
839,1375577,1375577,471.77301272953457
840,1375577,1375577,471.69348969108063
841,1375577,1375959,471.6140880231532
842,1375959,1376062,471.53480739203565
843,1376062,1376062,471.4556474653319
844,1376062,1376062,471.37660791195987
845,1376062,1376252,471.29768840214444
846,1376252,1376252,471.218888607411
847,1376252,1376252,471.14020820057857
848,1376252,1376252,471.0616468557532
849,1376252,1376252,470.98320424832144
850,1376252,1376252,470.9048800549439
851,1376252,1376252,470.82667395354815
852,1376252,1376252,470.7485856233231
853,1376252,1376252,470.67061474471194
854,1376252,1376252,470.59276099940615
855,1376252,1376252,470.51502407033865
856,1376252,1376252,470.437403641678
857,1376252,1376252,470.3598993988217
858,1376252,1376252,470.28251102839045
859,1376252,1376252,470.20523821822155
860,1376252,1376252,470.12808065736283
861,1376252,1376252,470.0510380360665
862,1376252,1376252,469.9741100457833
863,1376252,1376252,469.8972963791562
864,1376252,1376252,469.8205967300146
865,1376252,1376252,469.7440107933679
866,1376252,1376252,469.6675382654006
867,1376252,1376252,469.59117884346495
868,1376252,1376252,469.5149322260764
869,1376252,1376914,469.438798112907
870,1376914,1376914,469.3627762047801
871,1376914,1376961,469.2868662036642
872,1376961,1376961,469.21106781266724
873,1376961,1376961,469.1353807360316
874,1376961,1376961,469.05980467912724
875,1376961,1376961,468.98433934844735
876,1376961,1376961,468.908984451602
877,1376961,1376961,468.8337396973128
878,1376961,1376961,468.7586047954075
879,1376961,1376961,468.68357945681436
880,1376961,1377849,468.6086633935565
881,1377849,1377849,468.5338563187475
882,1377849,1377849,468.4591579465844
883,1377849,1377849,468.3845679923439
884,1377849,1377849,468.31008617237603
885,1377849,1377947,468.2357122040995
886,1377947,1377947,468.161445805996
887,1377947,1377947,468.0872866976052
888,1377947,1377947,468.0132345995197
889,1377947,1377947,467.93928923337944
890,1377947,1378118,467.86545032186734
891,1378118,1378118,467.7917175887033
892,1378118,1378118,467.71809075863973
893,1378118,1378118,467.64456955745646
894,1378118,1378118,467.57115371195545
895,1378118,1378118,467.49784294995624
896,1378118,1378134,467.4246370002907
897,1378134,1378134,467.3515355927983
898,1378134,1378199,467.27853845832107
899,1378199,1378222,467.2056453286987
900,1378222,1378222,467.1328559367643
901,1378222,1378222,467.0601700163386
902,1378222,1378222,466.98758730222613
903,1378222,1378222,466.91510753021
904,1378222,1378222,466.84273043704707
905,1378222,1378222,466.77045576046396
906,1378222,1378222,466.6982832391514
907,1378222,1378222,466.6262126127606
908,1378222,1378222,466.5542436218979
909,1378222,1378222,466.48237600812047
910,1378222,1378222,466.41060951393206
911,1378222,1378222,466.3389438827778
912,1378222,1378222,466.26737885904055
913,1378222,1378222,466.1959141880357
914,1378222,1378462,466.1245496160071
915,1378462,1378462,466.0532848901226
916,1378462,1378462,465.98211975846976
917,1378462,1378462,465.91105397005117
918,1378462,1378462,465.84008727478056
919,1378462,1378462,465.769219423478
920,1378462,1378462,465.698450167866
921,1378462,1378462,465.62777926056515
922,1378462,1378462,465.55720645508995
923,1378462,1378462,465.4867315058442
924,1378462,1378462,465.4163541681174
925,1378462,1378462,465.34607419808015
926,1378462,1378462,465.2758913527803
927,1378462,1378462,465.20580539013866
928,1378462,1378462,465.13581606894496
929,1378462,1378462,465.06592314885376
930,1378462,1378462,464.9961263903803
931,1378462,1378462,464.92642555489704
932,1378462,1378909,464.8568204046288
933,1378909,1378909,464.7873107026494
934,1378909,1378909,464.7178962128775
935,1378909,1378909,464.6485767000728
936,1378909,1378909,464.5793519298319
937,1378909,1378909,464.5102216685846
938,1378909,1378909,464.4411856835902
939,1378909,1378909,464.37224374293316
940,1378909,1378909,464.3033956155197
941,1378909,1378909,464.234641071074
942,1378909,1378909,464.16597988013405
943,1378909,1378909,464.0974118140484
944,1378909,1378909,464.02893664497225
945,1378909,1379025,463.9605541458634
946,1379025,1379025,463.8922640904791
947,1379025,1379125,463.824066253372
948,1379125,1379125,463.7559604098866
949,1379125,1379238,463.6879463361558
950,1379238,1379238,463.620023809097
951,1379238,1379238,463.5521926064088
952,1379238,1379238,463.48445250656727
953,1379238,1379238,463.4168032888223
954,1379238,1379238,463.34924473319427
955,1379238,1379238,463.2817766204704
956,1379238,1379238,463.2143987322018
957,1379238,1379238,463.14711085069894
958,1379238,1379238,463.07991275902924
959,1379238,1379238,463.0128042410129
960,1379238,1379238,462.94578508122
961,1379238,1379352,462.87885506496696
962,1379352,1379352,462.8120139783131
963,1379352,1380712,462.7452616080571
964,1380712,1380712,462.67859774173405
965,1380712,1380712,462.61202216761205
966,1380712,1380816,462.5455346746887
967,1380816,1380816,462.47913505268815
968,1380816,1380833,462.4128230920572
969,1380833,1380833,462.34659858396304
970,1380833,1380839,462.28046132028913
971,1380839,1380839,462.21441109363246
972,1380839,1380839,462.1484476973002
973,1380839,1380839,462.0825709253067
974,1380839,1380839,462.0167805723702
975,1380839,1380839,461.9510764339095
976,1380839,1380863,461.8854583060413
977,1380863,1380882,461.81992598557673
978,1380882,1380882,461.7544792700184
979,1380882,1380882,461.68911795755747
980,1380882,1380882,461.62384184707
981,1380882,1381680,461.558650738115
982,1381680,1381690,461.49354443093017
983,1381690,1381690,461.42852272642995
984,1381690,1381944,461.36358542620184
985,1381944,1381944,461.29873233250373
986,1381944,1381944,461.2339632482609
987,1381944,1381950,461.1692779770631
988,1381950,1381950,461.1046763231616
989,1381950,1381950,461.0401580914663
990,1381950,1381950,460.9757230875427
991,1381950,1381950,460.9113711176094
992,1381950,1381950,460.8471019885348
993,1381950,1381950,460.78291550783445
994,1381950,1381950,460.71881148366845
995,1381950,1381950,460.65478972483817
996,1381950,1382072,460.5908500407838
997,1382072,1382072,460.52699224158164
998,1382072,1382072,460.46321613794066
999,1382072,1382072,460.3995215412009
1000,1382072,1382101,460.3359082633295
1001,1382101,1382101,460.2723761169189
1002,1382101,1382101,460.2089249151838
1003,1382101,1382101,460.1455544719582
1004,1382101,1382101,460.0822646016931
1005,1382101,1382101,460.01905511945387
1006,1382101,1382101,459.95592584091725
1007,1382101,1382101,459.8928765823689
1008,1382101,1382101,459.8299071607009
1009,1382101,1382101,459.7670173934089
1010,1382101,1382101,459.70420709858973
1011,1382101,1382101,459.64147609493864
1012,1382101,1382134,459.57882420174684
1013,1382134,1382134,459.5162512388991
1014,1382134,1382134,459.45375702687085
1015,1382134,1382134,459.39134138672586
1016,1382134,1382134,459.3290041401137
1017,1382134,1382134,459.2667451092674
1018,1382134,1382134,459.20456411700053
1019,1382134,1382134,459.1424609867054
1020,1382134,1382134,459.08043554234973
1021,1382134,1382134,459.0184876084751
1022,1382134,1382134,458.9566170101938
1023,1382134,1382315,458.8948235731869
1024,1382315,1382315,458.8331071237013
1025,1382315,1382315,458.77146748854807
1026,1382315,1382315,458.7099044950996
1027,1382315,1382315,458.6484179712868
1028,1382315,1382315,458.587007745598
1029,1382315,1382564,458.5256736470751
1030,1382564,1382564,458.46441550531256
1031,1382564,1382564,458.40323315045407
1032,1382564,1382564,458.3421264131907
1033,1382564,1382564,458.28109512475885
1034,1382564,1382564,458.22013911693716
1035,1382564,1382564,458.15925822204525
1036,1382564,1382564,458.0984522729406
1037,1382564,1382564,458.0377211030167
1038,1382564,1382564,457.9770645462008
1039,1382564,1382754,457.9164824369516
1040,1382754,1382754,457.855974610257
1041,1382754,1382754,457.79554090163214
1042,1382754,1382754,457.73518114711675
1043,1382754,1382754,457.6748951832734
1044,1382754,1382754,457.61468284718507
1045,1382754,1382754,457.55454397645315
1046,1382754,1382754,457.4944784091952
1047,1382754,1382754,457.43448598404285
1048,1382754,1382754,457.3745665401395
1049,1382754,1383048,457.3147199171385
1050,1383048,1383048,457.25494595520087
1051,1383048,1384715,457.1952444949931
1052,1384715,1384715,457.1356153776854
1053,1384715,1384715,457.0760584449492
1054,1384715,1384715,457.01657353895547
1055,1384715,1384715,456.9571605023724
1056,1384715,1384715,456.8978191783635
1057,1384715,1384715,456.8385494105853
1058,1384715,1384715,456.779351043186
1059,1384715,1384715,456.7202239208026
1060,1384715,1384715,456.6611678885595
1061,1384715,1384800,456.6021827920661
1062,1384800,1384800,456.5432684774153
1063,1384800,1384800,456.4844247911811
1064,1384800,1384800,456.4256515804168
1065,1384800,1384800,456.36694869265295
1066,1384800,1384800,456.3083159758958
1067,1384800,1384800,456.24975327862467
1068,1384800,1384800,456.1912604497905
1069,1384800,1384800,456.13283733881417
1070,1384800,1384800,456.074483795584
1071,1384800,1384800,456.0161996704541
1072,1384800,1384800,455.9579848142426
1073,1384800,1384800,455.89983907822983
1074,1384800,1384800,455.841762314156
1075,1384800,1384800,455.78375437422
1076,1384800,1385199,455.7258151110769
1077,1385199,1385199,455.66794437783676
1078,1385199,1385199,455.61014202806206
1079,1385199,1385199,455.55240791576665
1080,1385199,1386789,455.49474189541326
1081,1386789,1386789,455.4371438219124
1082,1386789,1386789,455.37961355061964
1083,1386789,1386789,455.32215093733487
1084,1386789,1386789,455.2647558382996
1085,1386789,1386789,455.20742811019596
1086,1386789,1386789,455.15016761014436
1087,1386789,1386789,455.092974195702
1088,1386789,1386789,455.0358477248612
1089,1386789,1386789,454.9787880560473
1090,1386789,1386789,454.92179504811753
1091,1386789,1386789,454.8648685603588
1092,1386789,1386789,454.80800845248615
1093,1386789,1386789,454.75121458464093
1094,1386789,1386789,454.69448681738953
1095,1386789,1386789,454.6378250117212
1096,1386789,1386789,454.5812290290466
1097,1386789,1386789,454.52469873119617
1098,1386789,1386789,454.4682339804183
1099,1386789,1386789,454.4118346393779
1100,1386789,1386789,454.35550057115466
1101,1386789,1386789,454.29923163924127
1102,1386789,1386789,454.2430277075421
1103,1386789,1386789,454.18688864037125
1104,1386789,1386789,454.1308143024513
1105,1386789,1386789,454.07480455891135
1106,1386789,1386789,454.0188592752855
1107,1386789,1386789,453.96297831751167
1108,1386789,1386789,453.90716155192945
1109,1386789,1386789,453.85140884527874
1110,1386789,1386789,453.79572006469846
1111,1386789,1386789,453.74009507772456
1112,1386789,1386789,453.6845337522887
1113,1386789,1386789,453.62903595671673
1114,1386789,1386789,453.5736015597271
1115,1386789,1386789,453.5182304304292
1116,1386789,1386789,453.4629224383221
1117,1386789,1386789,453.407677453293
1118,1386789,1386789,453.35249534561535
1119,1386789,1386789,453.29737598594795
1120,1386789,1386789,453.242319245333
1121,1386789,1386789,453.18732499519473
1122,1386789,1386789,453.13239310733803
1123,1386789,1386789,453.0775234539469
1124,1386789,1386789,453.02271590758295
1125,1386789,1386789,452.96797034118407
1126,1386789,1386789,452.91328662806274
1127,1386789,1386789,452.8586646419049
1128,1386789,1386863,452.8041042567684
1129,1386863,1386863,452.7496053470815
1130,1386863,1386863,452.69516778764137
1131,1386863,1386863,452.64079145361274
1132,1386863,1386863,452.58647622052695
1133,1386863,1386863,452.53222196427953
1134,1386863,1386863,452.47802856113003
1135,1386863,1386863,452.4238958876997
1136,1386863,1386863,452.3698238209703
1137,1386863,1386863,452.31581223828306
1138,1386863,1386863,452.26186101733725
1139,1386863,1386863,452.2079700361882
1140,1386863,1386863,452.1541391732469
1141,1386863,1386863,452.10036830727785
1142,1386863,1386863,452.0466573173981
1143,1386863,1386863,451.993006083076
1144,1386863,1387641,451.9394144841296
1145,1387641,1387641,451.8858824007254
1146,1387641,1387641,451.832409713377
1147,1387641,1387641,451.7789963029441
1148,1387641,1387641,451.7256420506307
1149,1387641,1387641,451.6723468379843
1150,1387641,1387641,451.6191105468942
1151,1387641,1387641,451.5659330595904
1152,1387641,1387641,451.5128142586422
1153,1387641,1387641,451.45975402695734
1154,1387641,1387641,451.4067522477798
1155,1387641,1387641,451.3538088046899
1156,1387641,1387641,451.3009235816017
1157,1387641,1387641,451.24809646276253
1158,1387641,1387641,451.19532733275156
1159,1387641,1387641,451.1426160764784
1160,1387641,1387641,451.0899625791824
1161,1387641,1387641,451.03736672643043
1162,1387641,1387641,450.98482840411674
1163,1387641,1387641,450.93234749846107
1164,1387641,1387641,450.87992389600754
1165,1387641,1387641,450.8275574836238
1166,1387641,1387641,450.77524814849926
1167,1387641,1387641,450.7229957781442
1168,1387641,1387641,450.6708002603888
1169,1387641,1387641,450.6186614833815
1170,1387641,1387641,450.56657933558824
1171,1387641,1387641,450.5145537057909
1172,1387641,1387641,450.46258448308635
1173,1387641,1387641,450.41067155688535
1174,1387641,1387641,450.35881481691115
1175,1387641,1387641,450.30701415319874
1176,1387641,1387641,450.2552694560932
1177,1387641,1387641,450.20358061624876
1178,1387641,1387641,450.15194752462804
1179,1387641,1387641,450.1003700725002
1180,1387641,1387641,450.04884815144044
1181,1387641,1387641,449.99738165332843
1182,1387641,1387641,449.94597047034773
1183,1387641,1387641,449.89461449498395
1184,1387641,1387641,449.8433136200243
1185,1387641,1387641,449.7920677385561
1186,1387641,1387641,449.740876743966
1187,1387641,1387641,449.6897405299383
1188,1387641,1387641,449.6386589904548
1189,1387641,1387641,449.5876320197927
1190,1387641,1387641,449.5366595125242
1191,1387641,1387641,449.4857413635153
1192,1387641,1387641,449.4348774679245
1193,1387641,1387641,449.384067721202
1194,1387641,1387641,449.3333120190885
1195,1387641,1387641,449.28261025761424
1196,1387641,1387641,449.2319623330977
1197,1387641,1387641,449.1813681421452
1198,1387641,1387641,449.13082758164876
1199,1387641,1387641,449.08034054878635
1200,1387641,1387641,449.0299069410198
1201,1387641,1387641,448.9795266560945
1202,1387641,1387641,448.9291995920377
1203,1387641,1387641,448.8789256471583
1204,1387641,1387641,448.82870472004515
1205,1387641,1387641,448.7785367095665
1206,1387641,1387641,448.72842151486844
1207,1387641,1387641,448.6783590353747
1208,1387641,1387641,448.62834917078493
1209,1387641,1387641,448.5783918210742
1210,1387641,1387641,448.52848688649163
1211,1387641,1387641,448.4786342675597
1212,1387641,1387784,448.42883386507305
1213,1387784,1387784,448.37908558009775
1214,1387784,1387784,448.32938931397035
1215,1387784,1387784,448.27974496829637
1216,1387784,1387784,448.2301524449501
1217,1387784,1387784,448.18061164607303
1218,1387784,1387784,448.1311224740734
1219,1387784,1387784,448.0816848316249
1220,1387784,1387784,448.03229862166563
1221,1387784,1387784,447.9829637473977
1222,1387784,1387784,447.93368011228586
1223,1387784,1387784,447.8844476200566
1224,1387784,1387784,447.8352661746974
1225,1387784,1387784,447.7861356804555
1226,1387784,1387784,447.7370560418374
1227,1387784,1387784,447.6880271636076
1228,1387784,1387784,447.6390489507879
1229,1387784,1387784,447.5901213086565
1230,1387784,1387784,447.54124414274673
1231,1387784,1387795,447.4924173588467
1232,1387795,1387795,447.44364086299794
1233,1387795,1387795,447.3949145614949
1234,1387795,1387795,447.3462383608837
1235,1387795,1387795,447.2976121679615
1236,1387795,1387795,447.2490358897757
1237,1387795,1387795,447.2005094336224
1238,1387795,1387795,447.15203270704666
1239,1387795,1387795,447.1036056178405
1240,1387795,1387795,447.05522807404276
1241,1387795,1387795,447.00689998393807
1242,1387795,1387795,446.9586212560558
1243,1387795,1387795,446.9103917991695
1244,1387795,1387795,446.86221152229564
1245,1387795,1387795,446.8140803346933
1246,1387795,1387795,446.7659981458629
1247,1387795,1387795,446.7179648655455
1248,1387795,1387795,446.66998040372226
1249,1387795,1387795,446.6220446706128
1250,1387795,1387795,446.5741575766753
1251,1387795,1387795,446.5263190326051
1252,1387795,1387795,446.4785289493342
1253,1387795,1387795,446.43078723803006
1254,1387795,1387795,446.38309381009526
1255,1387795,1387795,446.33544857716623
1256,1387795,1387795,446.287851451113
1257,1387795,1387795,446.24030234403756
1258,1387795,1387795,446.192801168274
1259,1387795,1387795,446.1453478363871
1260,1387795,1387795,446.09794226117157
1261,1387795,1387795,446.05058435565167
1262,1387795,1387795,446.0032740330801
1263,1387795,1387795,445.956011206937
1264,1387795,1387795,445.90879579092973
1265,1387795,1387795,445.86162769899164
1266,1387795,1387795,445.8145068452816
1267,1387795,1387795,445.76743314418286
1268,1387795,1387795,445.7204065103028
1269,1387795,1387795,445.6734268584717
1270,1387795,1387795,445.62649410374223
1271,1387795,1387795,445.57960816138836
1272,1387795,1387795,445.5327689469054
1273,1387795,1387795,445.4859763760082
1274,1387795,1387795,445.4392303646311
1275,1387795,1387795,445.3925308289271
1276,1387795,1387795,445.3458776852668
1277,1387795,1387795,445.2992708502382
1278,1387795,1387795,445.2527102406454
1279,1387795,1387795,445.2061957735081
1280,1387795,1387795,445.15972736606113
1281,1387795,1387795,445.1133049357531
1282,1387795,1387795,445.0669284002464
1283,1387795,1387795,445.02059767741594
1284,1387795,1387795,444.9743126853487
1285,1387795,1387795,444.928073342343
1286,1387795,1387795,444.88187956690757
1287,1387795,1387795,444.8357312777611
1288,1387795,1387795,444.7896283938316
1289,1387795,1387795,444.74357083425514
1290,1387795,1387795,444.69755851837596
1291,1387795,1387795,444.651591365745
1292,1387795,1387795,444.60566929611997
1293,1387795,1387795,444.5597922294639
1294,1387795,1387795,444.5139600859449
1295,1387795,1387795,444.4681727859357
1296,1387795,1387795,444.422430250012
1297,1387795,1387795,444.37673239895304
1298,1387795,1387795,444.33107915374
1299,1387795,1387795,444.28547043555585
1300,1387795,1387968,444.2399061657843
1301,1387968,1387968,444.1943862660094
1302,1387968,1387968,444.14891065801487
1303,1387968,1387968,444.1034792637831
1304,1387968,1387968,444.058092005495
1305,1387968,1387968,444.01274880552893
1306,1387968,1387968,443.96744958646036
1307,1387968,1387968,443.9221942710607
1308,1387968,1387968,443.87698278229743
1309,1387968,1387968,443.83181504333294
1310,1387968,1387968,443.7866909775238
1311,1387968,1387968,443.7416105084203
1312,1387968,1387968,443.6965735597659
1313,1387968,1387968,443.6515800554966
1314,1387968,1388821,443.60662991974004
1315,1388821,1388821,443.5617230768151
1316,1388821,1388821,443.5168594512311
1317,1388821,1388821,443.4720389676876
1318,1388821,1388821,443.42726155107295
1319,1388821,1388821,443.3825271264646
1320,1388821,1388821,443.337835619128
1321,1388821,1388821,443.2931869545157
1322,1388821,1390648,443.2485810582676
1323,1390648,1390648,443.20401785620936
1324,1390648,1390648,443.1594972743524
1325,1390648,1390648,443.1150192388933
1326,1390648,1390648,443.0705836762128
1327,1390648,1390648,443.02619051287564
1328,1390648,1390648,442.9818396756296
1329,1390648,1390648,442.937531091405
1330,1390648,1390648,442.89326468731446
1331,1390648,1390648,442.84904039065174
1332,1390648,1390648,442.80485812889157
1333,1390648,1390648,442.7607178296889
1334,1390648,1390648,442.71661942087815
1335,1390648,1390648,442.6725628304731
1336,1390648,1390648,442.62854798666575
1337,1390648,1390648,442.5845748178263
1338,1390648,1390648,442.54064325250204
1339,1390648,1390648,442.4967532194172
1340,1390648,1390648,442.45290464747194
1341,1390648,1390648,442.40909746574243
1342,1390648,1390648,442.3653316034796
1343,1390648,1390648,442.321606990109
1344,1390648,1390648,442.2779235552301
1345,1390648,1390648,442.2342812286156
1346,1390648,1390648,442.19067994021134
1347,1390648,1390648,442.1471196201351
1348,1390648,1390648,442.10360019867653
1349,1390648,1390648,442.0601216062964
1350,1390648,1390648,442.01668377362614
1351,1390648,1390648,441.97328663146715
1352,1390648,1390648,441.9299301107904
1353,1390648,1390648,441.8866141427359
1354,1390648,1390648,441.84333865861186
1355,1390648,1390648,441.8001035898948
1356,1390648,1390648,441.75690886822815
1357,1390648,1390648,441.7137544254225
1358,1390648,1390648,441.6706401934546
1359,1390648,1390648,441.62756610446695
1360,1390648,1390648,441.5845320907674
1361,1390648,1390648,441.5415380848284
1362,1390648,1390756,441.4985840192867
1363,1390756,1390756,441.4556698269426
1364,1390756,1390756,441.4127954407597
1365,1390756,1390756,441.36996079386404
1366,1390756,1390756,441.32716581954395
1367,1390756,1390756,441.2844104512493
1368,1390756,1390756,441.24169462259124
1369,1390756,1390756,441.1990182673411
1370,1390756,1390756,441.15638131943064
1371,1390756,1390756,441.1137837129511
1372,1390756,1390756,441.0712253821527
1373,1390756,1390756,441.02870626144454
1374,1390756,1390756,440.9862262853932
1375,1390756,1390756,440.9437853887235
1376,1390756,1390756,440.9013835063169
1377,1390756,1390756,440.85902057321164
1378,1390756,1390756,440.816696524602
1379,1390756,1390756,440.77441129583775
1380,1390756,1390756,440.7321648224241
1381,1390756,1390756,440.68995704002054
1382,1390756,1390756,440.64778788444085
1383,1390756,1390756,440.6056572916527
1384,1390756,1390756,440.5635651977763
1385,1390756,1390756,440.52151153908545
1386,1390756,1390756,440.47949625200545
1387,1390756,1390756,440.43751927311365
1388,1390756,1390756,440.3955805391388
1389,1390756,1390756,440.3536799869602
1390,1390756,1390756,440.31181755360757
1391,1390756,1390756,440.26999317626075
1392,1390756,1390756,440.2282067922486
1393,1390756,1390756,440.18645833904924
1394,1390756,1390756,440.1447477542891
1395,1390756,1390756,440.1030749757427
1396,1390756,1390756,440.06143994133214
1397,1390756,1390756,440.01984258912654
1398,1390756,1390756,439.9782828573417
1399,1390756,1390756,439.9367606843398
1400,1390756,1390756,439.89527600862846
1401,1390756,1390756,439.85382876886086
1402,1390756,1390756,439.8124189038349
1403,1390756,1390756,439.7710463524929
1404,1390756,1390756,439.72971105392105
1405,1390756,1390756,439.68841294734943
1406,1390756,1390756,439.6471519721507
1407,1390756,1390774,439.60592806784047
1408,1390774,1390774,439.56474117407635
1409,1390774,1390774,439.5235912306578
1410,1390774,1390774,439.48247817752576
1411,1390774,1390774,439.44140195476183
1412,1390774,1390774,439.40036250258817
1413,1390774,1390774,439.35935976136693
1414,1390774,1390774,439.3183936716
1415,1390774,1390774,439.2774641739282
1416,1390774,1390774,439.2365712091313
1417,1390774,1390774,439.19571471812736
1418,1390774,1390774,439.1548946419723
1419,1390774,1390774,439.1141109218595
1420,1390774,1390774,439.0733634991196
1421,1390774,1390774,439.0326523152196
1422,1390774,1390774,438.99197731176287
1423,1390774,1390774,438.9513384304888
1424,1390774,1390774,438.91073561327175
1425,1390774,1390774,438.87016880212155
1426,1390774,1390774,438.82963793918225
1427,1390774,1390774,438.7891429667322
1428,1390774,1390774,438.7486838271837
1429,1390774,1390774,438.7082604630822
1430,1390774,1390774,438.66787281710606
1431,1390774,1390774,438.6275208320665
1432,1390774,1390774,438.58720445090665
1433,1390774,1390774,438.5469236167015
1434,1390774,1390774,438.5066782726573
1435,1390774,1390774,438.4664683621116
1436,1390774,1390774,438.42629382853204
1437,1390774,1390774,438.38615461551694
1438,1390774,1390774,438.34605066679393
1439,1390774,1390774,438.3059819262204
1440,1390774,1390774,438.26594833778273
1441,1390774,1390774,438.22594984559566
1442,1390774,1391299,438.1859863939025
1443,1391299,1391299,438.14605792707425
1444,1391299,1391299,438.10616438960926
1445,1391299,1391299,438.0663057261333
1446,1391299,1391299,438.0264818813986
1447,1391299,1391299,437.9866928002838
1448,1391299,1391299,437.94693842779344
1449,1391299,1391299,437.9072187090578
1450,1391299,1391299,437.86753358933225
1451,1391299,1391299,437.82788301399705
1452,1391299,1391299,437.7882669285568
1453,1391299,1391299,437.74868527864027
1454,1391299,1391299,437.7091380100001
1455,1391299,1391299,437.66962506851206
1456,1391299,1391299,437.63014640017497
1457,1391299,1391299,437.5907019511103
1458,1391299,1391299,437.55129166756194
1459,1391299,1391299,437.51191549589544
1460,1391299,1391299,437.47257338259794
1461,1391299,1391299,437.4332652742778
1462,1391299,1391299,437.3939911176643
1463,1391299,1391299,437.354750859607
1464,1391299,1391299,437.31554444707575
1465,1391299,1391299,437.27637182715983
1466,1391299,1391299,437.2372329470685
1467,1391299,1391299,437.1981277541294
1468,1391299,1391299,437.1590561957894
1469,1391299,1391299,437.12001821961337
1470,1391299,1391299,437.0810137732844
1471,1391299,1391299,437.04204280460306
1472,1391299,1391299,437.0031052614875
1473,1391299,1391299,436.9642010919726
1474,1391299,1391299,436.9253302442097
1475,1391299,1391299,436.88649266646695
1476,1391299,1391322,436.847688307128
1477,1391322,1391322,436.8089171146922
1478,1391322,1391322,436.77017903777426
1479,1391322,1391322,436.73147402510375
1480,1391322,1391322,436.6928020255247
1481,1391322,1391721,436.6541629879958
1482,1391721,1391721,436.61555686158914
1483,1391721,1391721,436.5769835954908
1484,1391721,1391721,436.5384431389999
1485,1391721,1391721,436.4999354415285
1486,1391721,1391721,436.46146045260156
1487,1391721,1391721,436.4230181218559
1488,1391721,1391721,436.38460839904036
1489,1391721,1391721,436.34623123401576
1490,1391721,1391721,436.30788657675384
1491,1391721,1391721,436.26957437733756
1492,1391721,1391721,436.2312945859603
1493,1391721,1391721,436.19304715292594
1494,1391721,1391721,436.15483202864834
1495,1391721,1391721,436.11664916365106
1496,1391721,1391721,436.07849850856707
1497,1391721,1391721,436.04038001413835
1498,1391721,1391721,436.0022936312157
1499,1391721,1391721,435.9642393107582
1500,1391721,1391721,435.92621700383324
1501,1391721,1391721,435.88822666161605
1502,1391721,1391721,435.8502682353892
1503,1391721,1391721,435.8123416765424
1504,1391721,1391721,435.7744469365726
1505,1391721,1391721,435.73658396708294
1506,1391721,1391721,435.69875271978293
1507,1391721,1391721,435.6609531464884
1508,1391721,1391721,435.6231851991203
1509,1391721,1391721,435.58544882970534
1510,1391721,1391721,435.54774399037507
1511,1391721,1391721,435.51007063336596
1512,1391721,1391721,435.4724287110189
1513,1391721,1391721,435.4348181757788
1514,1391721,1391721,435.3972389801946
1515,1391721,1391721,435.35969107691886
1516,1391721,1391721,435.32217441870716
1517,1391721,1391721,435.28468895841826
1518,1391721,1391721,435.2472346490137
1519,1391721,1391721,435.20981144355716
1520,1391721,1391721,435.1724192952146
1521,1391721,1391721,435.1350581572537
1522,1391721,1391721,435.0977279830437
1523,1391721,1391721,435.06042872605514
1524,1391721,1391721,435.02316033985943
1525,1391721,1391721,434.98592277812867
1526,1391721,1391721,434.94871599463545
1527,1391721,1391721,434.9115399432522
1528,1391721,1391721,434.8743945779512
1529,1391721,1391721,434.8372798528047
1530,1391721,1391721,434.80019572198375
1531,1391721,1391721,434.7631421397584
1532,1391721,1391721,434.7261190604975
1533,1391721,1391721,434.6891264386684
1534,1391721,1391721,434.6521642288363
1535,1391721,1391721,434.6152323856647
1536,1391721,1391721,434.5783308639142
1537,1391721,1391721,434.541459618443
1538,1391721,1391721,434.5046186042062
1539,1391721,1391721,434.46780777625594
1540,1391721,1391721,434.4310270897405
1541,1391721,1391721,434.3942764999046
1542,1391721,1391721,434.3575559620887
1543,1391721,1391721,434.32086543172926
1544,1391721,1391721,434.28420486435795
1545,1391721,1391721,434.2475742156015
1546,1391721,1391721,434.21097344118175
1547,1391721,1391721,434.174402496915
1548,1391721,1391721,434.13786133871196
1549,1391721,1391721,434.1013499225776
1550,1391721,1391721,434.06486820461026
1551,1391721,1391721,434.02841614100237
1552,1391721,1391721,433.99199368803926
1553,1391721,1391721,433.95560080209975
1554,1391721,1391721,433.91923743965486
1555,1391721,1391721,433.88290355726866
1556,1391721,1391721,433.8465991115973
1557,1391721,1391721,433.8103240593889
1558,1391721,1391721,433.7740783574834
1559,1391721,1391721,433.73786196281225
1560,1391721,1391721,433.70167483239806
1561,1391721,1391721,433.66551692335474
1562,1391721,1391721,433.62938819288655
1563,1391721,1391721,433.5932885982885
1564,1391721,1391721,433.5572180969459
1565,1391721,1391721,433.5211766463338
1566,1391721,1391721,433.48516420401734
1567,1391721,1391721,433.4491807276508
1568,1391721,1391721,433.41322617497804
1569,1391721,1391721,433.37730050383175
1570,1391721,1391721,433.3414036721335
1571,1391721,1391901,433.3055356378933
1572,1391901,1391901,433.26969635920943
1573,1391901,1391901,433.2338857942683
1574,1391901,1391901,433.19810390134404
1575,1391901,1391901,433.16235063879844
1576,1391901,1391901,433.12662596508045
1577,1391901,1391901,433.09092983872625
1578,1391901,1391901,433.0552622183588
1579,1391901,1391901,433.0196230626877
1580,1391901,1391901,432.9840123305087
1581,1391901,1391901,432.94842998070396
1582,1391901,1391901,432.91287597224147
1583,1391901,1391901,432.8773502641748
1584,1391901,1391901,432.841852815643
1585,1391901,1391901,432.8063835858704
1586,1391901,1391901,432.77094253416595
1587,1391901,1391901,432.7355296199238
1588,1391901,1391901,432.7001448026223
1589,1391901,1391901,432.66478804182407
1590,1391901,1391901,432.62945929717597
1591,1391901,1391901,432.5941585284086
1592,1391901,1391901,432.558885695336
1593,1391901,1391901,432.5236407578557
1594,1391901,1391901,432.4884236759483
1595,1391901,1391901,432.4532344096774
1596,1391901,1391901,432.41807291918917
1597,1391901,1391901,432.3829391647124
1598,1391901,1391901,432.34783310655797
1599,1391901,1391901,432.31275470511883
1600,1391901,1391901,432.2777039208697
1601,1391901,1391901,432.242680714367
1602,1391901,1391901,432.20768504624834
1603,1391901,1391901,432.17271687723246
1604,1391901,1391901,432.13777616811916
1605,1391901,1391901,432.1028628797889
1606,1391901,1391901,432.0679769732025
1607,1391901,1391901,432.03311840940137
1608,1391901,1391901,431.9982871495064
1609,1391901,1391901,431.96348315471886
1610,1391901,1391901,431.9287063863194
1611,1391901,1391901,431.89395680566804
1612,1391901,1391901,431.8592343742042
1613,1391901,1391901,431.82453905344613
1614,1391901,1391901,431.7898708049908
1615,1391901,1391901,431.75522959051386
1616,1391901,1391901,431.72061537176927
1617,1391901,1391901,431.68602811058923
1618,1391901,1391901,431.6514677688836
1619,1391901,1391901,431.6169343086403
1620,1391901,1391901,431.5824276919245
1621,1391901,1391901,431.54794788087884
1622,1391901,1391901,431.51349483772316
1623,1391901,1391901,431.4790685247539
1624,1391901,1391901,431.44466890434444
1625,1391901,1391901,431.4102959389445
1626,1391901,1391901,431.37594959108026
1627,1391901,1391901,431.3416298233539
1628,1391901,1391901,431.3073365984435
1629,1391901,1391901,431.27306987910265
1630,1391901,1391901,431.23882962816083
1631,1391901,1391901,431.2046158085224
1632,1391901,1391901,431.170428383167
1633,1391901,1391901,431.13626731514915
1634,1391901,1391901,431.10213256759806
1635,1391901,1391901,431.0680241037174
1636,1391901,1391901,431.03394188678504
1637,1391901,1391901,430.9998858801532
1638,1391901,1391901,430.96585604724777
1639,1391901,1391901,430.9318523515685
1640,1391901,1391901,430.8978747566886
1641,1391901,1391901,430.8639232262545
1642,1391901,1391901,430.829997723986
1643,1391901,1391901,430.7960982136756
1644,1391901,1391901,430.76222465918875
1645,1391901,1391901,430.72837702446316
1646,1391901,1391901,430.69455527350937
1647,1391901,1391901,430.66075937040955
1648,1391901,1391901,430.62698927931825
1649,1391901,1391901,430.5932449644617
1650,1391901,1391901,430.55952639013765
1651,1391901,1391901,430.5258335207156
1652,1391901,1391901,430.49216632063576
1653,1391901,1391901,430.4585247544099
1654,1391901,1391901,430.4249087866203
1655,1391901,1391901,430.39131838192
1656,1391901,1391901,430.3577535050327
1657,1391901,1391901,430.3242141207524
1658,1391901,1391901,430.2907001939429
1659,1391901,1391901,430.2572116895383
1660,1391901,1391901,430.22374857254226
1661,1391901,1391901,430.19031080802824
1662,1391901,1391901,430.1568983611389
1663,1391901,1391901,430.12351119708615
1664,1391901,1391901,430.09014928115107
1665,1391901,1392592,430.05681257868343
1666,1392592,1392592,430.02350105510186
1667,1392592,1392592,429.99021467589336
1668,1392592,1392592,429.9569534066133
1669,1392592,1392592,429.9237172128853
1670,1392592,1392592,429.8905060604008
1671,1392592,1392592,429.8573199149191
1672,1392592,1392592,429.8241587422673
1673,1392592,1392936,429.7910225083396
1674,1392936,1392936,429.75791117909785
1675,1392936,1393060,429.72482472057067
1676,1393060,1393060,429.69176309885387
1677,1393060,1393060,429.65872628011
1678,1393060,1393086,429.62571423056806
1679,1393086,1393086,429.5927269165234
1680,1393086,1393086,429.55976430433805
1681,1393086,1393086,429.5268263604396
1682,1393086,1393086,429.4939130513218
1683,1393086,1393086,429.46102434354407
1684,1393086,1393141,429.4281602037315
1685,1393141,1393141,429.3953205985746
1686,1393141,1393141,429.36250549482895
1687,1393141,1393141,429.3297148593153
1688,1393141,1393141,429.2969486589192
1689,1393141,1393141,429.26420686059106
1690,1393141,1393141,429.23148943134595
1691,1393141,1393141,429.19879633826304
1692,1393141,1393141,429.16612754848603
1693,1393141,1393141,429.13348302922253
1694,1393141,1393141,429.1008627477441
1695,1393141,1393141,429.06826667138614
1696,1393141,1393141,429.03569476754757
1697,1393141,1393141,429.0031470036907
1698,1393141,1393141,428.9706233473412
1699,1393141,1394129,428.9381237660877
1700,1394129,1394129,428.90564822758193
1701,1394129,1394129,428.87319669953837
1702,1394129,1394129,428.840769149734
1703,1394129,1394129,428.80836554600853
1704,1394129,1394129,428.7759858562636
1705,1394129,1394129,428.74363004846344
1706,1394129,1394129,428.711298090634
1707,1394129,1394129,428.678989950863
1708,1394129,1394129,428.6467055973002
1709,1394129,1394129,428.6144449981564
1710,1394129,1394129,428.58220812170424
1711,1394129,1394129,428.5499949362772
1712,1394129,1394129,428.5178054102701
1713,1394129,1394129,428.48563951213856
1714,1394129,1394129,428.45349721039895
1715,1394129,1394129,428.4213784736281
1716,1394129,1394129,428.3892832704636
1717,1394129,1394129,428.35721156960307
1718,1394129,1394129,428.3251633398044
1719,1394129,1394129,428.2931385498855
1720,1394129,1394129,428.261137168724
1721,1394129,1395587,428.22915916525744
1722,1395587,1395587,428.1972045084826
1723,1395587,1395587,428.165273167456
1724,1395587,1395587,428.1333651112931
1725,1395587,1395587,428.1014803091687
1726,1395587,1395587,428.0696187303163
1727,1395587,1395587,428.0377803440284
1728,1395587,1395587,428.00596511965625
1729,1395587,1395587,427.97417302660926
1730,1395587,1395587,427.9424040343556
1731,1395587,1395587,427.9106581124214
1732,1395587,1396195,427.8789352303909
1733,1396195,1396195,427.8472353579064
1734,1396195,1396195,427.81555846466784
1735,1396195,1396195,427.7839045204328
1736,1396195,1396245,427.7522734950166
1737,1396245,1396245,427.7206653582916
1738,1396245,1396880,427.6890800801876
1739,1396880,1396880,427.6575176306912
1740,1396880,1396880,427.6259779798463
1741,1396880,1396880,427.59446109775337
1742,1396880,1396880,427.5629669545695
1743,1396880,1396880,427.53149552050854
1744,1396880,1398993,427.50004676584024
1745,1398993,1398993,427.468620660891
1746,1398993,1398993,427.43721717604325
1747,1398993,1398993,427.4058362817353
1748,1398993,1398993,427.3744779484611
1749,1398993,1398993,427.34314214677056
1750,1398993,1398993,427.31182884726906
1751,1398993,1398993,427.28053802061726
1752,1398993,1398993,427.2492696375312
1753,1398993,1398993,427.218023668782
1754,1398993,1398993,427.18680008519584
1755,1398993,1398993,427.1555988576537
1756,1398993,1398993,427.12441995709116
1757,1398993,1398993,427.09326335449873
1758,1398993,1398993,427.062129020921
1759,1398993,1398993,427.03101692745724
1760,1398993,1398993,426.9999270452607
1761,1398993,1398993,426.96885934553853
1762,1398993,1398993,426.9378137995521
1763,1398993,1398993,426.90679037861645
1764,1398993,1398993,426.8757890541004
1765,1398993,1398993,426.844809797426
1766,1398993,1398993,426.81385258006907
1767,1398993,1398993,426.7829173735584
1768,1398993,1399304,426.7520041494761
1769,1399304,1399304,426.7211128794573
1770,1399304,1399304,426.6902435351897
1771,1399304,1399304,426.65939608841427
1772,1399304,1399304,426.62857051092413
1773,1399304,1399304,426.59776677456523
1774,1399304,1399304,426.5669848512357
1775,1399304,1399304,426.5362247128859
1776,1399304,1399539,426.5054863315184
1777,1399539,1399539,426.47476967918783
1778,1399539,1399539,426.44407472800043
1779,1399539,1399539,426.41340145011424
1780,1399539,1399539,426.3827498177392
1781,1399539,1399539,426.3521198031365
1782,1399539,1399539,426.3215113786185
1783,1399539,1399539,426.29092451654924
1784,1399539,1399539,426.26035918934355
1785,1399539,1399539,426.2298153694673
1786,1399539,1399539,426.19929302943734
1787,1399539,1399539,426.16879214182114
1788,1399539,1399539,426.1383126792368
1789,1399539,1399539,426.10785461435296
1790,1399539,1399539,426.07741791988883
1791,1399539,1399539,426.0470025686134
1792,1399539,1399539,426.01660853334624
1793,1399539,1399539,425.9862357869567
1794,1399539,1399539,425.95588430236415
1795,1399539,1399539,425.9255540525376
1796,1399539,1399539,425.89524501049584
1797,1399539,1399539,425.86495714930714
1798,1399539,1399539,425.83469044208914
1799,1399539,1399539,425.8044448620089
1800,1399539,1399539,425.7742203822825
1801,1399539,1399539,425.7440169761753
1802,1399539,1399539,425.7138346170014
1803,1399539,1399539,425.6836732781238
1804,1399539,1399539,425.6535329329542
1805,1399539,1399539,425.62341355495295
1806,1399539,1399539,425.59331511762883
1807,1399539,1399539,425.5632375945389
1808,1399539,1399539,425.5331809592887
1809,1399539,1399539,425.50314518553165
1810,1399539,1399539,425.4731302469694
1811,1399539,1399539,425.4431361173513
1812,1399539,1399539,425.4131627704746
1813,1399539,1399539,425.3832101801843
1814,1399539,1399539,425.3532783203728
1815,1399539,1399539,425.32336716497997
1816,1399539,1400125,425.29347668799323
1817,1400125,1400125,425.2636068634471
1818,1400125,1400125,425.2337576654229
1819,1400125,1400239,425.2039290680495
1820,1400239,1400239,425.17412104550226
1821,1400239,1400239,425.1443335720036
1822,1400239,1400239,425.11456662182223
1823,1400239,1400239,425.08482016927377
1824,1400239,1400239,425.0550941887202
1825,1400239,1400239,425.02538865456984
1826,1400239,1400239,424.995703541277
1827,1400239,1400239,424.96603882334244
1828,1400239,1400239,424.93639447531285
1829,1400239,1400239,424.90677047178076
1830,1400239,1400239,424.87716678738434
1831,1400239,1400239,424.84758339680775
1832,1400239,1400239,424.81802027478057
1833,1400239,1400239,424.7884773960778
1834,1400239,1400239,424.75895473552
1835,1400239,1400239,424.72945226797276
1836,1400239,1400239,424.69996996834703
1837,1400239,1400239,424.6705078115986
1838,1400239,1400239,424.64106577272827
1839,1400239,1400239,424.6116438267818
1840,1400239,1400351,424.5822419488495
1841,1400351,1400351,424.55286011406645
1842,1400351,1400351,424.52349829761226
1843,1400351,1400351,424.4941564747107
1844,1400351,1400351,424.46483462063003
1845,1400351,1400351,424.4355327106829
1846,1400351,1400351,424.40625072022584
1847,1400351,1400351,424.37698862465936
1848,1400351,1400351,424.3477463994279
1849,1400351,1400351,424.31852402001994
1850,1400351,1400606,424.28932146196723
1851,1400606,1400606,424.26013870084546
1852,1400606,1400606,424.23097571227373
1853,1400606,1400606,424.2018324719144
1854,1400606,1400606,424.1727089554732
1855,1400606,1400606,424.1436051386991
1856,1400606,1400606,424.11452099738415
1857,1400606,1400779,424.0854565073633
1858,1400779,1400779,424.0564116445145
1859,1400779,1400779,424.0273863847584
1860,1400779,1400779,423.9983807040585
1861,1400779,1400779,423.9693945784205
1862,1400779,1400779,423.94042798389313
1863,1400779,1400779,423.91148089656707
1864,1400779,1400779,423.88255329257566
1865,1400779,1400779,423.85364514809413
1866,1400779,1400779,423.8247564393399
1867,1400779,1400779,423.79588714257255
1868,1400779,1400779,423.7670372340933
1869,1400779,1400779,423.7382066902455
1870,1400779,1400779,423.709395487414
1871,1400779,1400779,423.68060360202526
1872,1400779,1400779,423.6518310105473
1873,1400779,1400779,423.62307768948955
1874,1400779,1400779,423.594343615403
1875,1400779,1400779,423.5656287648795
1876,1400779,1400779,423.5369331145523
1877,1400779,1400779,423.5082566410955
1878,1400779,1400779,423.47959932122444
1879,1400779,1400779,423.4509611316952
1880,1400779,1400779,423.4223420493043
1881,1400779,1400779,423.39374205088944
1882,1400779,1400779,423.3651611133286
1883,1400779,1400779,423.33659921354047
1884,1400779,1400779,423.30805632848364
1885,1400779,1400779,423.2795324351576
1886,1400779,1400779,423.2510275106017
1887,1400779,1400779,423.2225415318956
1888,1400779,1400779,423.1940744761588
1889,1400779,1400779,423.1656263205508
1890,1400779,1400779,423.137197042271
1891,1400779,1400779,423.10878661855855
1892,1400779,1400779,423.0803950266921
1893,1400779,1400912,423.05202224399017
1894,1400912,1400912,423.02366824781046
1895,1400912,1400912,422.9953330155503
1896,1400912,1400912,422.967016524646
1897,1400912,1400912,422.9387187525736
1898,1400912,1400912,422.9104396768477
1899,1400912,1400912,422.88217927502234
1900,1400912,1400912,422.85393752469037
1901,1400912,1400912,422.8257144034834
1902,1400912,1400912,422.7975098890719
1903,1400912,1400912,422.76932395916515
1904,1400912,1400912,422.74115659151084
1905,1400912,1400912,422.7130077638952
1906,1400912,1400912,422.6848774541429
1907,1400912,1400912,422.65676564011693
1908,1400912,1400912,422.62867229971863
1909,1400912,1400912,422.60059741088736
1910,1400912,1400912,422.5725409516006
1911,1400912,1400912,422.544502899874
1912,1400912,1400912,422.5164832337606
1913,1400912,1400912,422.48848193135194
1914,1400912,1400912,422.4604989707768
1915,1400912,1400912,422.43253433020175
1916,1400912,1400912,422.404587987831
1917,1400912,1400912,422.3766599219062
1918,1400912,1400912,422.3487501107063
1919,1400912,1400912,422.3208585325477
1920,1400912,1400912,422.2929851657839
1921,1400912,1400912,422.2651299888055
1922,1400912,1400912,422.23729298004054
1923,1400912,1400912,422.20947411795345
1924,1400912,1400912,422.1816733810461
1925,1400912,1400912,422.15389074785674
1926,1400912,1400912,422.1261261969607
1927,1400912,1402226,422.09837970696975
1928,1402226,1404890,422.07065125653224
1929,1404890,1404890,422.0429408243331
1930,1404890,1404890,422.0152483890935
1931,1404890,1404890,421.9875739295711
1932,1404890,1404890,421.9599174245598
1933,1404890,1404890,421.9322788528895
1934,1404890,1404890,421.9046581934262
1935,1404890,1404890,421.8770554250721
1936,1404890,1404890,421.8494705267652
1937,1404890,1404890,421.82190347747917
1938,1404890,1404890,421.7943542562237
1939,1404890,1404890,421.766822842044
1940,1404890,1404890,421.7393092140209
1941,1404890,1404890,421.71181335127096
1942,1404890,1404890,421.6843352329458
1943,1404890,1404890,421.65687483823274
1944,1404890,1404890,421.6294321463542
1945,1404890,1404890,421.60200713656775
1946,1404890,1404890,421.5745997881664
1947,1404890,1404890,421.5472100804778
1948,1404890,1404890,421.5198379928649
1949,1404890,1404890,421.4924835047254
1950,1404890,1404890,421.4651465954919
1951,1404890,1404890,421.4378272446316
1952,1404890,1404890,421.4105254316464
1953,1404890,1404890,421.383241136073
1954,1404890,1404890,421.35597433748245
1955,1404890,1404890,421.3287250154801
1956,1404890,1404890,421.3014931497059
1957,1404890,1404890,421.27427871983394
1958,1404890,1404890,421.24708170557267
1959,1404890,1404922,421.2199020866644
1960,1404922,1405140,421.19273984288577
1961,1405140,1405140,421.1655949540473
1962,1405140,1405140,421.13846739999343
1963,1405140,1405140,421.11135716060244
1964,1405140,1405140,421.0842642157863
1965,1405140,1405140,421.0571885454908
1966,1405140,1405140,421.0301301296953
1967,1405140,1405140,421.0030889484126
1968,1405140,1405140,420.976064981689
1969,1405140,1405140,420.94905820960435
1970,1405140,1405140,420.92206861227163
1971,1405140,1405140,420.89509616983713
1972,1405140,1405140,420.8681408624804
1973,1405140,1405140,420.84120267041396
1974,1405140,1405140,420.8142815738834
1975,1405140,1405140,420.7873775531674
1976,1405140,1405140,420.7604905885772
1977,1405140,1405140,420.7336206604573
1978,1405140,1405140,420.7067677491845
1979,1405140,1405140,420.6799318351687
1980,1405140,1405140,420.65311289885204
1981,1405140,1405140,420.6263109207094
1982,1405140,1405140,420.5995258812479
1983,1405140,1405140,420.5727577610074
1984,1405140,1405140,420.5460065405598
1985,1405140,1405140,420.51927220050925
1986,1405140,1405140,420.4925547214923
1987,1405140,1405451,420.4658540841773
1988,1405451,1405451,420.43917026926493
1989,1405451,1405451,420.4125032574877
1990,1405451,1405451,420.38585302961
1991,1405451,1405451,420.3592195664281
1992,1405451,1405451,420.33260284876997
1993,1405451,1405451,420.30600285749534
1994,1405451,1405451,420.2794195734956
1995,1405451,1405451,420.2528529776936
1996,1405451,1405451,420.22630305104366
1997,1405451,1405451,420.1997697745317
1998,1405451,1405451,420.1732531291748
1999,1405451,1405451,420.1467530960214
2000,1405451,1405451,420.12026965615115
2001,1405451,1405451,420.09380279067494
2002,1405451,1405451,420.0673524807346
2003,1405451,1405451,420.04091870750307
2004,1405451,1405451,420.0145014521842
2005,1405451,1405451,419.9881006960128
2006,1405451,1405451,419.9617164202542
2007,1405451,1405451,419.935348606205
2008,1405451,1405451,419.9089972351921
2009,1405451,1405451,419.8826622885731
2010,1405451,1405451,419.85634374773616
2011,1405451,1405451,419.8300415940999
2012,1405451,1405451,419.8037558091136
2013,1405451,1405451,419.77748637425657
2014,1405451,1405451,419.7512332710385
2015,1405451,1405451,419.7249964809995
2016,1405451,1405451,419.6987759857096
2017,1405451,1405451,419.672571766769
2018,1405451,1405451,419.64638380580817
2019,1405451,1405451,419.62021208448715
2020,1405451,1405743,419.5940565844961
2021,1405743,1405743,419.56791728755513
2022,1405743,1405743,419.5417941754139
2023,1405743,1405743,419.515687229852
2024,1405743,1405743,419.48959643267847
2025,1405743,1405743,419.4635217657322
2026,1405743,1405743,419.4374632108813
2027,1405743,1405743,419.41142075002347
2028,1405743,1405743,419.385394365086
2029,1405743,1405743,419.35938403802527
2030,1405743,1405743,419.333389750827
2031,1405743,1405743,419.3074114855062
2032,1405743,1405743,419.2814492241069
2033,1405743,1405743,419.2555029487025
2034,1405743,1405743,419.22957264139507
2035,1405743,1405743,419.20365828431585
2036,1405743,1405743,419.1777598596249
2037,1405743,1405743,419.1518773495113
2038,1405743,1405743,419.1260107361928
2039,1405743,1405743,419.1001600019158
2040,1405743,1405743,419.07432512895554
2041,1405743,1405743,419.0485060996155
2042,1405743,1405743,419.0227028962283
2043,1405743,1405743,418.99691550115443
2044,1405743,1405743,418.9711438967833
2045,1405743,1405743,418.9453880655323
2046,1405743,1405743,418.9196479898474
2047,1405743,1405743,418.8939236522027
2048,1405743,1405743,418.8682150351003
2049,1405743,1405743,418.84252212107083
2050,1405743,1405743,418.81684489267275
2051,1405743,1405743,418.7911833324923
2052,1405743,1405743,418.76553742314434
2053,1405743,1405743,418.73990714727074
2054,1405743,1405743,418.714292487542
2055,1405743,1405743,418.6886934266559
2056,1405743,1407524,418.66310994733806
2057,1407524,1407524,418.6375420323418
2058,1407524,1407524,418.6119896644481
2059,1407524,1407524,418.5864528264654
2060,1407524,1407524,418.56093150122945
2061,1407524,1407524,418.53542567160383
2062,1407524,1407524,418.5099353204791
2063,1407524,1407524,418.48446043077337
2064,1407524,1407524,418.4590009854319
2065,1407524,1407524,418.4335569674272
2066,1407524,1407524,418.40812835975885
2067,1407524,1407524,418.38271514545363
2068,1407524,1407524,418.3573173075653
2069,1407524,1407524,418.33193482917454
2070,1407524,1407524,418.30656769338884
2071,1407524,1407524,418.28121588334295
2072,1407524,1407524,418.25587938219803
2073,1407524,1407524,418.2305581731421
2074,1407524,1407524,418.20525223938995
2075,1407524,1407524,418.17996156418286
2076,1407524,1407524,418.154686130789
2077,1407524,1407524,418.12942592250266
2078,1407524,1407524,418.1041809226449
2079,1407524,1407638,418.0789511145631
2080,1407638,1407638,418.05373648163095
2081,1407638,1407638,418.0285370072485
2082,1407638,1407638,418.00335267484206
2083,1407638,1407638,417.9781834678642
2084,1407638,1407638,417.9530293697934
2085,1407638,1407638,417.92789036413467
2086,1407638,1407638,417.9027664344185
2087,1407638,1408072,417.87765756420185
2088,1408072,1408072,417.8525637370674
2089,1408072,1408277,417.82748493662365
2090,1408277,1408277,417.80242114650497
2091,1408277,1408277,417.77737235037165
2092,1408277,1408277,417.75233853190946
2093,1408277,1408277,417.72731967482997
2094,1408277,1408277,417.7023157628704
2095,1408277,1408277,417.6773267797935
2096,1408277,1408277,417.6523527093873
2097,1408277,1408277,417.62739353546567
2098,1408277,1408277,417.6024492418676
2099,1408277,1408277,417.5775198124576
2100,1408277,1408277,417.55260523112526
2101,1408277,1408277,417.52770548178574
2102,1408277,1409237,417.50282054837913
2103,1409237,1409237,417.47795041487075
2104,1409237,1409237,417.45309506525103
2105,1409237,1409237,417.42825448353534
2106,1409237,1409237,417.40342865376414
2107,1409237,1409237,417.3786175600029
2108,1409237,1409237,417.35382118634186
2109,1409237,1409237,417.329039516896
2110,1409237,1409237,417.30427253580535
